{
  "episode_index": 62,
  "test_id": "test_80",
  "params": {
    "V0": [
      4.165018204701301e-06
    ],
    "c_dy": [
      99.99888226589623
    ],
    "w": [
      99999.999999989,
      99999.9999999994,
      100000.00000003284,
      100000.00000344214
    ],
    "olb": [
      0.0,
      0.0,
      0.0,
      0.0
    ],
    "oub": [
      0.0,
      0.0,
      0.0,
      0.0
    ],
    "y_fin": [
      135.00018244249287
    ],
    "c_y": [
      0.8931503195891433
    ],
    "c_u": [
      10.000111649625142,
      0.9999402430754463,
      1.0034012744211922
    ],
    "p_0": 0.9963829514994064,
    "p_1": 1.1809645813869134,
    "p_2": 0.9014435844275495,
    "p_3": 1.1745227569354943,
    "p_4": 0.9259220562073304,
    "p_5": 0.9659587922904412,
    "p_6": 1.1316648240832095,
    "p_7": 0.9637199364638632,
    "p_8": 1.0194648669704913,
    "p_9": 0.8109733574194581,
    "p_10": 1.101492298052903,
    "p_11": 1.0959672628170636,
    "p_12": 1.013306235747963,
    "p_13": 1.1114520678040998,
    "p_14": 0.9166167719548607,
    "p_15": 0.9836526190402449,
    "p_16": 0.8474991524067468,
    "p_17": 0.9412003578468446,
    "p_18": 0.8789163225310707,
    "p_19": 0.904352973862776,
    "p_20": 1.0753729347186192,
    "p_21": 0.8544185763934713,
    "p_22": 1.058114174623332,
    "p_23": 1.241572481716012,
    "p_24": 1.1372994346874257,
    "p_25": 1.1329782311493923,
    "p_26": 0.8127784869665389,
    "p_27": 0.8639004312102165
  },
  "meta": {
    "after_episode": 62,
    "time": 1760530693.3172526
  }
}